Image,normal
001.jpg,1
002.jpg,1
003.jpg,1
004.jpg,1
005.jpg,1
006.jpg,1
007.jpg,1
008.jpg,1
009.jpg,1
010.jpg,1
011.jpg,1
012.jpg,1
013.jpg,1
014.jpg,1
015.jpg,1
016.jpg,1
017.jpg,1
018.jpg,1
019.jpg,1
020.jpg,1
021.jpg,1
022.jpg,1
023.jpg,1
024.jpg,1
025.jpg,1
026.jpg,1
027.jpg,1
028.jpg,1
029.jpg,1
030.jpg,1
031.jpg,1
032.jpg,1
033.jpg,1
034.jpg,1
035.jpg,1
036.jpg,1
037.jpg,1
038.jpg,1
039.jpg,1
040.jpg,1
041.jpg,1
042.jpg,1
043.jpg,1
044.jpg,1
045.jpg,1
046.jpg,1
047.jpg,1
048.jpg,1
049.jpg,1
050.jpg,1
051.jpg,1
052.jpg,1
053.jpg,1
054.jpg,1
055.jpg,1
056.jpg,1
057.jpg,1
058.jpg,1
059.jpg,1
060.jpg,1
061.jpg,1
062.jpg,1
063.jpg,1
064.jpg,1
065.jpg,1
066.jpg,1
067.jpg,1
068.jpg,1
069.jpg,1
070.jpg,1
071.jpg,1
072.jpg,1
073.jpg,1
074.jpg,1
075.jpg,1
076.jpg,1
077.jpg,1
078.jpg,1
079.jpg,1
080.jpg,1
081.jpg,1
082.jpg,1
083.jpg,1
084.jpg,1
085.jpg,1
086.jpg,1
087.jpg,1
088.jpg,1
089.jpg,1
090.jpg,1
091.jpg,1
092.jpg,1
093.jpg,1
094.jpg,1
095.jpg,1
096.jpg,0
097.jpg,0
098.jpg,0
099.jpg,0
100.jpg,0
101.jpg,0
102.jpg,0
103.jpg,0
104.jpg,0
105.jpg,0
106.jpg,0
107.jpg,0
108.jpg,0
109.jpg,0
110.jpg,0
111.jpg,0
112.jpg,0
113.jpg,0
114.jpg,0
115.jpg,0
116.jpg,0
117.jpg,0
118.jpg,0
119.jpg,0
120.jpg,0
121.jpg,0
122.jpg,0
123.jpg,0
124.jpg,0
125.jpg,0
126.jpg,0
127.jpg,0
128.jpg,0
129.jpg,0
130.jpg,0
131.jpg,0
132.jpg,0
133.jpg,0
134.jpg,0
135.jpg,0
136.jpg,0
137.jpg,0
138.jpg,0
139.jpg,0
140.jpg,0
141.jpg,0
142.jpg,0
143.jpg,0
144.jpg,0
145.jpg,0
146.jpg,0
147.jpg,0
148.jpg,0
149.jpg,0
150.jpg,0
151.jpg,0
152.jpg,0
153.jpg,0
154.jpg,0
155.jpg,0
156.jpg,0
159.jpg,0
158.jpg,0
159.jpg,0
160.jpg,0
161.jpg,0
162.jpg,0
163.jpg,0
164.jpg,0
165.jpg,0
166.jpg,0
167.jpg,0
168.jpg,0
169.jpg,0
170.jpg,0
171.jpg,0
172.jpg,0
173.jpg,0
174.jpg,0
175.jpg,0
176.jpg,0
177.jpg,0
178.jpg,0
179.jpg,0
180.jpg,0
181.jpg,0
182.jpg,0
183.jpg,0
184.jpg,0
185.jpg,0
186.jpg,0
187.jpg,0
188.jpg,0
189.jpg,0
190.jpg,0
191.jpg,0
192.jpg,0
193.jpg,0
194.jpg,0
195.jpg,0
196.jpg,0
197.jpg,0
198.jpg,0
199.jpg,0
200.jpg,0
201.jpg,0
202.jpg,0
203.jpg,0
204.jpg,0
205.jpg,0
206.jpg,0
207.jpg,0
208.jpg,0
209.jpg,0
210.jpg,0
211.jpg,0
212.jpg,0
213.jpg,0
214.jpg,0
215.jpg,0
216.jpg,0
217.jpg,0
218.jpg,0
219.jpg,0
220.jpg,0
221.jpg,0
222.jpg,0
223.jpg,0
224.jpg,0
225.jpg,0
226.jpg,0
227.jpg,0
228.jpg,0
229.jpg,0
230.jpg,0
231.jpg,0
232.jpg,0
233.jpg,0
234.jpg,0
235.jpg,0
236.jpg,0
237.jpg,0
238.jpg,0
239.jpg,0
240.jpg,0
241.jpg,0
242.jpg,0
243.jpg,0
244.jpg,0
245.jpg,0
246.jpg,0
247.jpg,0
248.jpg,0
249.jpg,0
250.jpg,0
251.jpg,0
252.jpg,0
253.jpg,0
254.jpg,0
255.jpg,0
256.jpg,0
257.jpg,0
258.jpg,0
259.jpg,0
260.jpg,0
261.jpg,0
262.jpg,0
263.jpg,0
264.jpg,0
265.jpg,0
266.jpg,0
267.jpg,0
268.jpg,0
269.jpg,0
270.jpg,0
271.jpg,0
272.jpg,0
273.jpg,0
274.jpg,0
275.jpg,0
276.jpg,0
277.jpg,0
278.jpg,0
279.jpg,0
280.jpg,0
281.jpg,0
282.jpg,0
283.jpg,0
284.jpg,0
285.jpg,0
286.jpg,0
287.jpg,0
288.jpg,0
289.jpg,0
290.jpg,0
291.jpg,0
292.jpg,0
293.jpg,0
294.jpg,0
295.jpg,0
296.jpg,0
297.jpg,0
298.jpg,0
299.jpg,0
300.jpg,1
301.jpg,1
302.jpg,1
303.jpg,1
304.jpg,1
305.jpg,1
306.jpg,1
307.jpg,1
308.jpg,1
309.jpg,1
310.jpg,1
311.jpg,1
312.jpg,1
313.jpg,1
314.jpg,1
315.jpg,1
316.jpg,1
317.jpg,1
318.jpg,1
319.jpg,1
320.jpg,1
321.jpg,1
322.jpg,1
323.jpg,1
324.jpg,1
325.jpg,1
326.jpg,1
327.jpg,1
328.jpg,1
329.jpg,1
330.jpg,1
331.jpg,1
332.jpg,1
333.jpg,1
334.jpg,1
335.jpg,1
336.jpg,1
337.jpg,1
338.jpg,1
339.jpg,1
340.jpg,1
341.jpg,1
342.jpg,1
343.jpg,1
344.jpg,1
345.jpg,1
346.jpg,1
347.jpg,1
348.jpg,1
349.jpg,1
350.jpg,1
351.jpg,1
352.jpg,1
353.jpg,1
354.jpg,1
355.jpg,1
356.jpg,1
357.jpg,1
358.jpg,1
359.jpg,1
360.jpg,1
361.jpg,1
362.jpg,1
363.jpg,1
364.jpg,1
365.jpg,1
366.jpg,1
367.jpg,1
368.jpg,1
369.jpg,1
370.jpg,1
371.jpg,1
372.jpg,1
373.jpg,1
374.jpg,1
375.jpg,1
376.jpg,1
377.jpg,1
378.jpg,1
379.jpg,1
380.jpg,1
381.jpg,1
382.jpg,1
383.jpg,1
384.jpg,1
385.jpg,1
386.jpg,1
387.jpg,1
388.jpg,1
389.jpg,1
390.jpg,1
391.jpg,1
392.jpg,1
393.jpg,1
394.jpg,1
395.jpg,1
396.jpg,1
397.jpg,1
398.jpg,1
399.jpg,1
